path,size,sha256_12
/wp-content/uploads/vo-archive/2025/0._Prosklisi_Erasmus_Traineeships_2025-2026_VO.doc,535040,afa5cb009197
/wp-content/uploads/vo-archive/2026/02.04.2026_Prosklisi_Ypovolis_Aitiseon_EKO_2023_2024_3791_PST1F46NKPD-ZER.pdf,872040,1aa47b79b6e3
/wp-content/uploads/vo-archive/2024/03-09-24_ilekroniki_eggrafi_epityxontvn_stin_tritobaumia_ekpaideysi.docx,18043,fc5254142982
/wp-content/uploads/vo-archive/2026/1.BIP_Rennes2-EMERGE_Litonoral_-_ENG_compressed.pdf,215468,7e7381346684
/wp-content/uploads/vo-archive/2026/1.Erasmus_prosklisi.pdf,339442,f39e487a96ca
/wp-content/uploads/vo-archive/2025/1._Kritiria_Traineeships_VO.doc,276480,096598543be8
/wp-content/uploads/vo-archive/2026/1.itisi_ypochfiothtas.docx,85430,b3e09426941f
/wp-content/uploads/vo-archive/2025/1.onnasispdf.pdf,505052,269ade83412e
/wp-content/uploads/vo-archive/2023/175.pdf,194509,8b629f5a3243
/wp-content/uploads/vo-archive/2024/1H_ERGASTIRIAKI_MERA_.pdf,872471,9bb4de517afc
/wp-content/uploads/vo-archive/2025/2._Aitisi_Ypopsifiotitas_Erasmus_Traineeships_VO.doc,293888,5f731d2b2128
/wp-content/uploads/vo-archive/2025/2025-2027_PROTIPO_ANAKINOSIS.pdf,198369,14bc348997c7
/wp-content/uploads/vo-archive/2025/2025_01_30_Pros_Tmimata_epikoinonia_me_foitites.pdf.pdf,68542,422ad9f09e9b
/wp-content/uploads/vo-archive/2026/2026_CHEMERINOU.Ex.Orologio_Programma_AO__17-9-26.pdf,251119,ccd37d2a55f6
/wp-content/uploads/vo-archive/2026/2026_CHEMERINOU.Ex.Orologio_Programma_AVO__17-9-26.pdf,265258,0aeae4af5db5
/wp-content/uploads/vo-archive/2026/2026_EARINOU.Ex.Orologio_Programma_ABO.pdf,262169,8b3350921432
/wp-content/uploads/vo-archive/2026/2026_EARINOU.Ex.Orologio_Programma_AO.pdf,110777,fc5bb2e66637
/wp-content/uploads/vo-archive/2026/2026_xeimerino_abo.pdf,268306,9011a96fa275
/wp-content/uploads/vo-archive/2026/2026_xeimerino_ao.pdf,253488,345a9c026888
/wp-content/uploads/vo-archive/2025/25.06.2025_prosklisi_ipovolis_etisevn_eko_.pdf,905823,459fc9210b74
/wp-content/uploads/vo-archive/2023/29023.pdf,459254,88ce74a613f3
/wp-content/uploads/vo-archive/2025/3._FOITITES_ME_LIGOTERES_EYKAIRIES_Call_2024_VO.docx,20954,5d9a05e56060
/wp-content/uploads/vo-archive/2023/407_23.pdf,286899,d0485a660370
/wp-content/uploads/vo-archive/2024/465601528_534878906116775_5597177859739642629_n.jpg,197698,5981ce02ee9f
/wp-content/uploads/vo-archive/2024/466013378_534878996116766_1001336494666815928_n.jpg,126651,194bb1817bc1
/wp-content/uploads/vo-archive/2024/466100752_534878902783442_51496173536273453_n.jpg,163061,e5618aacc0cb
/wp-content/uploads/vo-archive/2024/466600861_534878999450099_8714255267353132778_n.jpg,164863,c3d730e5512e
/wp-content/uploads/vo-archive/2025/6o-synedrio-atoha-1-768x1152.jpg,139470,ae43331a2604
/wp-content/uploads/vo-archive/2023/892.zip,1033056,e08293d62683
/wp-content/uploads/vo-archive/2023/905.pdf,107483,f4635be52490
/wp-content/uploads/vo-archive/2026/AFIDA_ERGASTIRIO_.png,384573,525a1688d32e
/wp-content/uploads/vo-archive/2025/AFISA.pdf,169432,24da0d43337b
/wp-content/uploads/vo-archive/2024/AFISA_1_compressed.pdf,145039,910b415beb64
/wp-content/uploads/vo-archive/2024/AFISA_2_compressed.pdf,133327,0654302bcc4c
/wp-content/uploads/vo-archive/2025/AFISA_DIADRASTIKOY.pdf,749472,c0b7d01c47a9
/wp-content/uploads/vo-archive/2025/AFISA_FB__Instagram_Post_.png,161877,e3479efffc88
/wp-content/uploads/vo-archive/2025/AFISA_ISOTIMIS_PROSVASIS_638766943747217374.png,891694,25367136919e
/wp-content/uploads/vo-archive/2024/AFISA_KECYSY.pdf,836110,2b8eda0f315a
/wp-content/uploads/vo-archive/2023/AIT.docx,103911,ec574782941a
/wp-content/uploads/vo-archive/2025/AITHSH_EGGRAFHS_.doc,73216,4d9ebb36ecba
/wp-content/uploads/vo-archive/2026/AITISI.docx,27590,e2ee994d58f0
/wp-content/uploads/vo-archive/2026/AITISI.pdf,381419,23a967e13642
/wp-content/uploads/vo-archive/2025/AITISI_EFFRAFIS_KATATAJIS.doc,77824,8854208770a1
/wp-content/uploads/vo-archive/2026/AITISI_ENGRAFIS_KATATAXIS_2025.doc,105984,b30d70398673
/wp-content/uploads/vo-archive/2025/AITISI_SIMETOXIS.docx,51188,a6bbb688ed88
/wp-content/uploads/vo-archive/2026/AITISI_TAO.docx,14535,1331c8e9dbfa
/wp-content/uploads/vo-archive/2026/AITISI_YPOPSIFIOTITAS_Erasmus_Traineeships_VO.doc,293888,d04d9f288cc6
/wp-content/uploads/vo-archive/2026/AITISI_YPOVOLIS.docx,14318,ae696e0f5717
/wp-content/uploads/vo-archive/2025/AKADIMAIKO_IMEROLOGIO_2025_2026.pdf_compressed.pdf,306919,b5e991de2927
/wp-content/uploads/vo-archive/2023/ALO.pdf,714394,29a00a3a75ca
/wp-content/uploads/vo-archive/2023/AMBASSADORS_FUND_FOR_SUMMER_WORK.pdf,491628,f4b226dda24d
/wp-content/uploads/vo-archive/2024/AMVROSIA-PROGRAMMA_2.pdf,87253,aaec66425e6e
/wp-content/uploads/vo-archive/2025/AMVROSIA.pdf,80925,d221ffed460f
/wp-content/uploads/vo-archive/2025/AMVROSIA_2.pdf,89015,81bc80873314
/wp-content/uploads/vo-archive/2025/AMVROSIA_3.pdf,80740,680ab0512e1e
/wp-content/uploads/vo-archive/2026/AMVROSIA_30032026.pdf,100746,373a76e5ba50
/wp-content/uploads/vo-archive/2024/AMVROSIA_3_16.12.24.pdf,112233,8d47f46547db
/wp-content/uploads/vo-archive/2025/AMVROSIA_4_.pdf,89765,b887846fdef8
/wp-content/uploads/vo-archive/2025/AMVROSIA_4_APRILIOS.pdf,89228,83e03ba9b7b3
/wp-content/uploads/vo-archive/2026/AMVROSIA_APRILIO.pdf,80731,7f26d152cb53
/wp-content/uploads/vo-archive/2025/AMVROSIA_APRILIOS_2025_-_1.pdf,88376,a9c49476309e
/wp-content/uploads/vo-archive/2025/AMVROSIA_APRILIOS_2025_-_2_.pdf,90644,8fd012445e5e
/wp-content/uploads/vo-archive/2026/AMVROSIA_F.pdf,80963,82bf551f1881
/wp-content/uploads/vo-archive/2025/AMVROSIA_FEB_1.pdf,88103,268a031b5e7f
/wp-content/uploads/vo-archive/2025/AMVROSIA_FEVROYARIOS_3.pdf,88460,c9f9ae240ae6
/wp-content/uploads/vo-archive/2026/AMVROSIA_MAI.pdf,80707,e112ccbe2197
/wp-content/uploads/vo-archive/2026/AMVROSIA_MAIOS.pdf,81044,7134eea6b45e
/wp-content/uploads/vo-archive/2025/AMVROSIA_MAIOS_.pdf,89107,c481fb9ed7af
/wp-content/uploads/vo-archive/2026/AMVROSIA_MARTIOS.pdf,80302,6ecdcf0ad396
/wp-content/uploads/vo-archive/2026/AMVROSIA_MARTIOS_.pdf,80442,54ff9dafcc10
/wp-content/uploads/vo-archive/2025/AMVROSIA_MARTIOS_1.pdf,88265,629825545e6e
/wp-content/uploads/vo-archive/2025/AMVROSIA_MARTIOS_2.pdf,88366,34b1a77f7074
/wp-content/uploads/vo-archive/2025/AMVROSIA_MARTIOS_3.pdf,88462,8902adfa591d
/wp-content/uploads/vo-archive/2025/AMVROSIA_NOEMVRIS.pdf,80697,b67681713fb2
/wp-content/uploads/vo-archive/2025/AMVROSIA_OCTOBRIOS_2.pdf,89244,d1f3a89be377
/wp-content/uploads/vo-archive/2026/AMVRO_MAI.pdf,80726,e4a3ccb9b1c4
/wp-content/uploads/vo-archive/2026/AMV_MAIO.pdf,80449,d5a85459f947
/wp-content/uploads/vo-archive/2026/ANAKINOSI_ANOTATI_FITISI_compressed.pdf,150352,1db24694e96e
/wp-content/uploads/vo-archive/2024/ANAKINOSI_EJETASEON_KATATAKTIRIES_2024_2025.pdf,100407,1bb482c1721f
/wp-content/uploads/vo-archive/2024/ANAKINOSI_GIA_STEGASH_KAVALAS_DRAMAS.pdf,185156,dd719ef8e7a5
/wp-content/uploads/vo-archive/2025/ANAKINOSI_GIA_TA_MATHIMATA_BIOXHMIA_METABOLISMOY_POSOTIKI_GENETIKI.pdf,159932,e72915590655
/wp-content/uploads/vo-archive/2024/ANAKINOSI_NIKOLAIDIS.pdf,118519,0e153d80a4df
/wp-content/uploads/vo-archive/2025/ANAKINOSI_ORKOMOSIAS.doc,96256,5ecd9772bff6
/wp-content/uploads/vo-archive/2025/ANAKINOSI_SITISIS.pdf,152166,29b80bfe5462
/wp-content/uploads/vo-archive/2024/ANAKINOSI_STUDENTS_DUTH_GR.pdf,140034,4c01451ddda7
/wp-content/uploads/vo-archive/2024/ANAKINOSI_XRISOVERGI.pdf,120416,bb6c42320e62
/wp-content/uploads/vo-archive/2025/ANAKINOSI_XRISOVERGIS.pdf,122552,24806ac913fa
/wp-content/uploads/vo-archive/2024/ANAKINOSI_ZAOUSI.pdf,123205,21c728b96f9b
/wp-content/uploads/vo-archive/2026/ANAKOINOSI_CHRIMATODOTISIS_SYMMETOCHIS_2026-2027.pdf,229494,4e25a380275d
/wp-content/uploads/vo-archive/2026/ANAKOINOSI_DIAKRISEON_2026.pdf,264072,b843a96cf0b1
/wp-content/uploads/vo-archive/2026/ANAKOINOSI_PROKIRYXIS_KLIRODOTIMATOS_TSOURIDI.pdf,246029,2cb210664b2e
/wp-content/uploads/vo-archive/2025/ANAKOINVSI_7.3.2025.pdf,667350,ad22ae28d3e4
/wp-content/uploads/vo-archive/2025/ANASTOLI_BIBLIOTHIKON.pdf.pdf,609579,81b732b6d88d
/wp-content/uploads/vo-archive/2026/ANVROSIA_IOUNIOS.pdf,77875,404e16a098e7
/wp-content/uploads/vo-archive/2025/APOFASI_EPILOGIS.pdf,220553,07f365706e8a
/wp-content/uploads/vo-archive/2026/APOTELESMATA_ERASMUS.pdf,90513,723e11f14c5b
/wp-content/uploads/vo-archive/2023/AR.pdf,450912,25ef43cbe2d9
/wp-content/uploads/vo-archive/2026/ARAPOGLOU.pdf,799428,9b09c249e7e2
/wp-content/uploads/vo-archive/2026/ATTICA_GREEN_EXPO_.jpeg,251337,cf1a42431bcb
/wp-content/uploads/vo-archive/2023/ActionAid_Drama_dec2023.pdf,276760,fc9c6694b311
/wp-content/uploads/vo-archive/2024/Ad_in_Greek.pdf,288846,036df569734d
/wp-content/uploads/vo-archive/2025/Agenda_EIT_Food_Workshop_17_to_19-12-25.pdf,296234,5dead65b687f
/wp-content/uploads/vo-archive/2026/Aitiseis_ethelontismou.pdf,100497,d3faf002f31b
/wp-content/uploads/vo-archive/2026/Aitisi_Ypopsifiotitas_Erasmus_Traineeships_VO.doc,293888,390181ec7fd5
/wp-content/uploads/vo-archive/2025/Aitisi_Ypopsifiotitas_Erasmus_Traineeships_oinologia.doc,294400,e890cd91466d
/wp-content/uploads/vo-archive/2026/Anakoinosi_Anotati_Diarkeia_Foitisis_5eti_PPS_2026-2027.pdf,873968,0dfef1d399c1
/wp-content/uploads/vo-archive/2026/Anakoinosi_Geniki_Mikroviologia.docx,12656,98d585e4c2a3
/wp-content/uploads/vo-archive/2026/Anakoinosi_Praktiki_Askisi_2026.pdf,216288,2d289f56e55b
/wp-content/uploads/vo-archive/2026/Anakoinosi_Viochimeia.docx,12601,c36011a84a22
/wp-content/uploads/vo-archive/2025/Anakoinosi_sitisis_2025_2026-3.pdf,208042,c76f60b560f5
/wp-content/uploads/vo-archive/2026/BIP_SYMPLIROMATIKI_prosklisi_ypovolis_protaseon_call_2025.pdf,362898,c5ad5032f72e
/wp-content/uploads/vo-archive/2025/BLOOD_DONATION_POSTER_SIBIESI.png,264987,41cf243490fc
/wp-content/uploads/vo-archive/2026/BRIDGE__Summer_Community_Engagement_Internship-leaflet.pdf,424531,14e7ad22fe9b
/wp-content/uploads/vo-archive/2026/Blue_and_White_Modern_Business_Webinar_Instagram_Post.png,444032,f42a18f7f689
/wp-content/uploads/vo-archive/2026/CONTACT_POINTS.docx,17389,a4deb3aa7991
/wp-content/uploads/vo-archive/2025/Call_for_Proposal_The_Agitator.docx,310776,3c6ec817d39d
/wp-content/uploads/vo-archive/2026/Call_for_applications_EMERGE_SAF_CALL_2026-2027.pdf,465792,fd0081075de7
/wp-content/uploads/vo-archive/2026/DIENERGIA_EKLOGON_PITHARHIKO.pdf,337308,7d6ada91910a
/wp-content/uploads/vo-archive/2025/DIKAIOLOGITIKA.pdf.pdf,888510,b7a5cdb3d63f
/wp-content/uploads/vo-archive/2023/DILOSEIS_MATHIMATON.docx,15728,616c6c3054d6
/wp-content/uploads/vo-archive/2024/DRASI_COLLECT.pdf,228630,6e8c2138b6bb
/wp-content/uploads/vo-archive/2026/DT_YPAITHA_gia_ilektronikes_engrafes.pdf,171689,36d9a2815d9d
/wp-content/uploads/vo-archive/2024/EGGRAFES_ALLDAPVN_ALLOGENON.pdf,200003,3334a39648e9
/wp-content/uploads/vo-archive/2025/EGGRAFES_ALLODAPON.pdf.pdf,401231,dd17fb26813b
/wp-content/uploads/vo-archive/2025/EGGRAFI_KATATAKTIRIES_2025_ODIGIES.docx,13087,b03306dde51d
/wp-content/uploads/vo-archive/2026/EIT_Food_Country_Representative_Greece_-_Newsletter_May_2026_compressed.pdf,505954,0a79e1cdc844
/wp-content/uploads/vo-archive/2025/EIT_Food_Workshop_image.jpg,95187,278b710f759c
/wp-content/uploads/vo-archive/2025/EKLOGIKOS_KATALOGOS.pdf,266722,a2b6f53cc59a
/wp-content/uploads/vo-archive/2023/EMBX2023.pdf,42400,e00b11acaeb4
/wp-content/uploads/vo-archive/2026/EMERGE_DUTH_STUDENT_AMBASSADOR_FORCE_1.pdf,229860,43345b5aa771
/wp-content/uploads/vo-archive/2026/EMINEROSI_Bridge_Program_compressed.pdf,210652,036533633858
/wp-content/uploads/vo-archive/2025/EMVOLIMH_.pdf,172030,2e12008ee645
/wp-content/uploads/vo-archive/2026/ENGRAFI_EPITYCHONTON_KATATAKTIRION_EXETASEON.docx,73080,ec1443a73623
/wp-content/uploads/vo-archive/2025/ENHMEROSI__.docx,84625,bed8d96a2aa6
/wp-content/uploads/vo-archive/2026/ENIMEROSI_AEI.pdf,128754,1177cf203b39
/wp-content/uploads/vo-archive/2025/ENIMEROSI_EKDOSIS_ANASFALITON_FITITON.pdf,226043,4b5fd708d94a
/wp-content/uploads/vo-archive/2024/ENIMEROSI_PSGVMS_PRSKTIOKIS_ASKISIS.pdf,137027,ffb52a4dad9f
/wp-content/uploads/vo-archive/2026/ENTYPO_AITISIS_CHRIMATODOTISIS_SYMMETOCHIS_2026-2027.docx,628297,9ac109e97d32
/wp-content/uploads/vo-archive/2026/ENTYPO_AITISIS_DIAKRISEON_2026.docx,624619,2ca311f8f962
/wp-content/uploads/vo-archive/2025/EN_Wines-Level-1-Award-1200x1200-4-900x608.jpg,65587,a8703880540c
/wp-content/uploads/vo-archive/2025/EPANAPROKIRIJI-signed.pdf.pdf,318784,b9d9b67b867a
/wp-content/uploads/vo-archive/2025/ERASMUS_DAYS_OCT_2025.docx,13554,a654f8e8bc35
/wp-content/uploads/vo-archive/2023/ERGASTIRIKES_OMADES_BIOMHXANIKES_ZYMVSEIS.pdf,183375,7813f092c8a8
/wp-content/uploads/vo-archive/2026/Egkyklios_metengrafon_compressed.pdf,242647,fe86c66372ae
/wp-content/uploads/vo-archive/2024/EmailContent.pdf,104334,61c610490f31
/wp-content/uploads/vo-archive/2026/EmailContent_PROSKLISI.pdf,167631,b869de1e2994
/wp-content/uploads/vo-archive/2026/Empowering_the_Margins_of_Europe_Synergies_in_Education_Research_and_Community_Engagement_by_Democritus_University_of_Thrace_.png,314494,95d22697b81d
/wp-content/uploads/vo-archive/2026/Enimerotiko_Deltio_Mnimonio_Synergasias_DPTh_kai_STEGIS_POLITISMOU_AMTh_AE.pdf,525217,162184360943
/wp-content/uploads/vo-archive/2025/FOITITES_ME_LIGOTERES_EFKERIES_Call_2024.docx,20515,72c59e0e53e2
/wp-content/uploads/vo-archive/2023/FULBRIGHT_.pdf,172321,84c35cedf155
/wp-content/uploads/vo-archive/2026/Foitites_me_ligoteres_efkairies_Call_2024.docx,21208,b1b039a81363
/wp-content/uploads/vo-archive/2026/Foitites_me_ligoteres_efkairies_Call_2025.docx,20036,431fba627ceb
/wp-content/uploads/vo-archive/2023/GEOR.pdf,293555,b264c3b3c0a2
/wp-content/uploads/vo-archive/2025/HACHATLON_compressed.pdf,131155,03412559889f
/wp-content/uploads/vo-archive/2025/Harvard__DIETHNIS_OLIMPIAKI.pdf,79161,06eb25b8f9ad
/wp-content/uploads/vo-archive/2025/IMG_0162_14.jpg,381142,59ab83f35938
/wp-content/uploads/vo-archive/2025/IPODIGMA.docx,27631,8338ee11fa60
/wp-content/uploads/vo-archive/2024/IPODIGMA_AITISIS.docx,27630,f7879d10bfa8
/wp-content/uploads/vo-archive/2025/IPOTROFIES_OYGGARIAS.pdf.pdf,109695,f5caeb34b641
/wp-content/uploads/vo-archive/2025/IRVSH_PINAKVN.pdf.pdf,496934,fc40f13cf413
/wp-content/uploads/vo-archive/2024/Invitation1.png,94056,33b0c38f7e6f
/wp-content/uploads/vo-archive/2025/KATALOGOS_FOITITON_PROS_DIAGRAFI.pdf,506570,45479c4ba756
/wp-content/uploads/vo-archive/2025/KATALOGOS_ORKOMOSIA_2025.pdf,88462,3672e97ebe0e
/wp-content/uploads/vo-archive/2025/KATATAKTIRIES.pdf-1.pdf,99666,fac3aced0903
/wp-content/uploads/vo-archive/2025/KATATAKTIRIES_APOTELESMATA_22.01.2025.pdf,197118,119a4b684b3e
/wp-content/uploads/vo-archive/2025/KLIRODOTIMA_KRITSKI.pdf_compressed.pdf,160009,3c12d56f45fc
/wp-content/uploads/vo-archive/2025/KLIRODOTIMA_SOYTSOY_compressed.pdf,170529,0ff49c527339
/wp-content/uploads/vo-archive/2025/KLIRODOTIMA_ZOSIMA_compressed.pdf,139048,b2b5f8e7dda3
/wp-content/uploads/vo-archive/2026/KOPI_PITAS.pdf,150889,fcc47726c4e0
/wp-content/uploads/vo-archive/2026/KRIEZH.pdf,812586,b666d71b5afa
/wp-content/uploads/vo-archive/2026/KRITIRIA_Traineeships_VO.doc,276480,9ad3c62bd6ad
/wp-content/uploads/vo-archive/2025/Kritiria_Traineeships_OINOLOGIA.doc,276480,a8fc87be9c58
/wp-content/uploads/vo-archive/2026/Kritiria_Traineeships_VO.doc,276480,bc048976868f
/wp-content/uploads/vo-archive/2026/MPATALTZI.pdf,833133,73efeb5b74cb
/wp-content/uploads/vo-archive/2023/NEOSIT.pdf,234947,1eab1a5dccf4
/wp-content/uploads/vo-archive/2023/NEW_ANA.pdf,195661,ec17b0d8e31a
/wp-content/uploads/vo-archive/2023/NEW_SI.pdf,251172,8ce8d132375a
/wp-content/uploads/vo-archive/2023/NPS_programma_ortho.pdf,94101,89f50dfa52ea
/wp-content/uploads/vo-archive/2025/ODIGIES_compressed-1.pdf,483624,9ee5e30ddfc1
/wp-content/uploads/vo-archive/2023/OD_SI.pdf,514242,8c0a3988872c
/wp-content/uploads/vo-archive/2023/ORTH.pdf,300253,a4dda5c9c765
/wp-content/uploads/vo-archive/2026/Odigos_Epiviosis_stin_Exetastiki_vol.png,623101,5c537eafc198
/wp-content/uploads/vo-archive/2023/PA.pdf,234284,19888474b9fc
/wp-content/uploads/vo-archive/2026/PAPAZAFIROPOULO.pdf,813480,c5a7845bfecd
/wp-content/uploads/vo-archive/2026/PINAKAS.pdf,283266,1f7fa13e34ef
/wp-content/uploads/vo-archive/2023/PMS.pdf,631381,63971bb79ad8
/wp-content/uploads/vo-archive/2023/PPS.pdf,233083,f1ff46b9cb80
/wp-content/uploads/vo-archive/2025/PRAJI.pdf,176550,7bbfac6609ff
/wp-content/uploads/vo-archive/2025/PRAJI_SYGKROTISIS_EFOREYTIKIS_EPITROPIS-signed.pdf.pdf,228256,103bc0d14a0e
/wp-content/uploads/vo-archive/2024/PRAKIKI_ASKISI_DPH.pdf,167356,a70ab2735e26
/wp-content/uploads/vo-archive/2025/PRIKIRIJI_EKLOGON_FITITONdocx-1.pdf,138470,2fadc3dc1864
/wp-content/uploads/vo-archive/2023/PRO.pdf,47810,c8a89642a0e4
/wp-content/uploads/vo-archive/2026/PROGRAMMA_AITHOUSON.pdf,211039,2e445bdc84ea
/wp-content/uploads/vo-archive/2026/PROGRAMMA_DRAMINOGNOSIA.docx,427066,98612ed58091
/wp-content/uploads/vo-archive/2025/PROGRAMMA_EARINO_2025_compressed.pdf,814429,a2f018832d5e
/wp-content/uploads/vo-archive/2025/PROGRAMMA_EJETASTIKIS.pdf,195305,d81c32bdf8bd
/wp-content/uploads/vo-archive/2024/PROGRAMMA_EJETASTIKIS_IOYNIOS_2024.pdf,92164,c2c94d0f3275
/wp-content/uploads/vo-archive/2025/PROGRAMMA_EMVOLIMIS.pdf,203609,4545f33b88b6
/wp-content/uploads/vo-archive/2025/PROGRAMMA_EMVOLIMIS_EXETASTIKIS_IAN.-FEV._2026.pdf,157719,f410cc2a27e6
/wp-content/uploads/vo-archive/2025/PROGRAMMA_EXETASTIKIS_IAN.-FEV._2026.pdf,213288,3f6a61bd25f4
/wp-content/uploads/vo-archive/2026/PROGRAMMA_SITISIS.pdf,80953,2b657556de36
/wp-content/uploads/vo-archive/2026/PROGRAMMA_SYNANTISEON_FOITITON_ME_DIDASKONTES.pdf,206157,912d31370c0f
/wp-content/uploads/vo-archive/2025/PROKIRIJH_XRISOVERGIS.pdf,242554,7a4a41b73b70
/wp-content/uploads/vo-archive/2025/PROKIRIJI_AGGELOPOYLOY_compressed.pdf,178668,fec676ccc720
/wp-content/uploads/vo-archive/2024/PROKIRIJI_ENTETALMENON-signed.pdf.pdf,587442,c6155c9cb6e1
/wp-content/uploads/vo-archive/2024/PROKIRIJI_NIKOLAIDIS.pdf,358711,b3ecb5b09a42
/wp-content/uploads/vo-archive/2024/PROKIRIJI_THESIS_-2.pdf,217184,68ccb8387bf2
/wp-content/uploads/vo-archive/2025/PROKIRIJI_TRIANTAFILIDI_ESO_compressed.pdf,166162,c3edc3deb8e9
/wp-content/uploads/vo-archive/2025/PROKIRIJI_TRIANTAFYLIDI_EJO_compressed.pdf,209735,9c2875ab9b95
/wp-content/uploads/vo-archive/2024/PROKIRIJI_XRISOVERGI.pdf,257575,2a0eae669337
/wp-content/uploads/vo-archive/2024/PROKIRIJI_ZAOUSI.pdf,261828,59f765bca0cc
/wp-content/uploads/vo-archive/2026/PROKIRYXI_DIAGONISMOU_AKAD._ETOUS_2025-2026.pdf,228402,294ab7b89f5c
/wp-content/uploads/vo-archive/2026/PROKIRYXI_EKLOGON_GIA_TIN_ANADEIXI_PROEDROU_KAI_ANTIPROEDROU_TOU_TAO_TIS_SEGD.pdf_compressed.pdf,1017636,a7b39e298d55
/wp-content/uploads/vo-archive/2026/PROKIRYXI_GIA_TIN_ANADEIXI_EKPROSOPOU_FOITITON_STI_SYNELEFSI_TOU_TAO.docx-signed.pdf.pdf,324063,d7dac24e8761
/wp-content/uploads/vo-archive/2026/PROKIRYXI_PANELLINIOU_PANEPISTIMIAKOU_PROTATHLIMATOS_TAEKVONTO_2026.pdf.pdf,354939,a3e180cde8fb
/wp-content/uploads/vo-archive/2026/PROKIRYXI_ZOIS_SOUTSOU_AKAD._ETOUS._2025-2026.pdf_compressed.pdf,177966,4ff2867a0663
/wp-content/uploads/vo-archive/2023/PROSEN.pdf,594339,239c37ba3329
/wp-content/uploads/vo-archive/2026/PROSKLISI.docx,17575,f01f1b1872a5
/wp-content/uploads/vo-archive/2026/PROSKLISI_CHRIMATODOTISIS_SYMMETOCHIS_2026-2027.pdf,304861,3f774053dd67
/wp-content/uploads/vo-archive/2024/PROSKLISI_DRASI_2024.docx,81553,c014f8d0444e
/wp-content/uploads/vo-archive/2025/PROSKLISI_ELLINOGALLIKI.pdf,319482,545cbc529584
/wp-content/uploads/vo-archive/2025/PROSKLISI_ENTETALMENON_DIDASKONTVN-signed.pdf_1.pdf,320267,b4ed318bbc46
/wp-content/uploads/vo-archive/2026/PROSKLISI_ERZAKIO.pdf,550573,225a85952783
/wp-content/uploads/vo-archive/2026/PROSKLISI_Erasmus_Traineeships_2025-2026_VO.doc,534528,5cec6647b41b
/wp-content/uploads/vo-archive/2026/PROSKLISI_SEMINARIO_ASYNEIDITES_PROKATALIPSEIS.docx_compressed.pdf,80075,08b3116bf43c
/wp-content/uploads/vo-archive/2026/PROSKLISI_VIOMATIKO_ERGASTIRIO_EIFKD_DPTH_compressed.pdf,90850,2cb2b8fbe006
/wp-content/uploads/vo-archive/2026/PROSKLISI_compressed.pdf,182479,dd469f86c7f5
/wp-content/uploads/vo-archive/2024/PROSORINOS_PINAKAS_KATATAJHS_YPOCHFION_.pdf,317075,197a6ced5173
/wp-content/uploads/vo-archive/2026/PROTASI-GIA-EGKRISI-GIA-TIN-ORGANOSI-MEIKTOU-ENTATIKOU-PROGRAMMATOS-ME-IDRYMA-SYNTONISMOU-TO-DPTh-1.docx,21834,cfdef85b1086
/wp-content/uploads/vo-archive/2026/Poster_1st_Workshop_BioProWRAP_Drama_compressed.pdf,163767,ba302c82ad3d
/wp-content/uploads/vo-archive/2025/Poster_red-_give_hope_-_ing_4.jpg,902499,19259761d2df
/wp-content/uploads/vo-archive/2026/Programma_EMVOLIMIS_Exetastikis_Iouniou_2026.pdf,244713,bb5c3465b492
/wp-content/uploads/vo-archive/2026/Programma_Exetastikis_EARINOU_IOUNIOU_2026.pdf,237553,d0b6f857f93b
/wp-content/uploads/vo-archive/2026/Prokiryxi_klirodotimatos_KLEARCHOU_TSOURIDI.pdf,465272,2f77c9041cda
/wp-content/uploads/vo-archive/2025/Prosklisi_Akadimaikis_Empeirias_-_TMIMA_AMPELOURGIAS_KAI_OINOLOGIAS-signed.pdf.pdf,907347,ddbfdb7ca0d0
/wp-content/uploads/vo-archive/2026/Prosklisi_Akadimaikis_Empeirias_-_TMIMA_AMPELOURGIAS_KAI_OINOLOGIAS.pdf,889209,4b8d70078bee
/wp-content/uploads/vo-archive/2026/Prosklisi_Entetalmenon_26.pdf.pdf,436875,37791d9e1545
/wp-content/uploads/vo-archive/2025/Prosklisi_Erasmus_Traineeships_2025-2026_oinologia.doc,536064,ab3bb8450668
/wp-content/uploads/vo-archive/2024/Purple_International_Day_For_Elimination_Of_Violence_Against_Women_Your_Story_4_1_1.pdf,452108,7b251d90270c
/wp-content/uploads/vo-archive/2026/ROKIRIJI_AGGELOPOYLOS.pdf,503520,5672751a7531
/wp-content/uploads/vo-archive/2026/ROSKLISI_Erasmus_short_term_blended_Traineeships_BRIDGE_2026.pdf,245223,a83b3415a3fc
/wp-content/uploads/vo-archive/2026/RUN_GREECE_KAVALA.pdf,455447,c19d5354c9bf
/wp-content/uploads/vo-archive/2024/SINELEYSI.pdf,84908,ee4dd66ac97b
/wp-content/uploads/vo-archive/2025/SITISI_FEVROUARIOS_4.pdf,88467,0d07624d6cf0
/wp-content/uploads/vo-archive/2025/SITISI_IANOUARIOS_4.pdf,88684,7054fcf9a40d
/wp-content/uploads/vo-archive/2026/STAI.pdf,801450,e6bdb0262ac8
/wp-content/uploads/vo-archive/2026/STAI_2.pdf,794992,18aa12fb0a14
/wp-content/uploads/vo-archive/2026/STOP_SEXUAL_HARASSMENT_1.png,435557,bbb1d44102a3
/wp-content/uploads/vo-archive/2024/Student_Pass-1.pdf,239235,fc71f5c9a51e
/wp-content/uploads/vo-archive/2026/TEDxDUTH_2026.docx,13287,60f7a8a365e8
/wp-content/uploads/vo-archive/2026/TRIKOYLH.pdf,881080,284f82235c5a
/wp-content/uploads/vo-archive/2026/Untitled_design_AFISA.png,336617,1fd5de89580e
/wp-content/uploads/vo-archive/2024/Voroina_24_Programma_hmeridas-02.jpg,620086,c80d3a256f95
/wp-content/uploads/vo-archive/2024/Voroina_24_Programma_hmeridas_compressed.pdf,407309,8e3c9dc5a135
/wp-content/uploads/vo-archive/2026/Webinar-on-Sexual-Harassment-in-Academia_compressed.pdf,69903,e03b2295d340
/wp-content/uploads/vo-archive/2024/Workshop_18.12.2024.pdf,215732,72e109eb5de0
/wp-content/uploads/vo-archive/2026/Y.D.pdf,296893,87c9c0012cfa
/wp-content/uploads/vo-archive/2025/YD_PERI_PROSVPIKVN_DEDOMENON.doc,48128,dea45aba6f39
/wp-content/uploads/vo-archive/2026/Ypiresies_Psychologikis_kai_Symvouleftikis_Ypostirixis_kai_Isotimis_Prosvasis_apo.pdf,223652,920d550b0d1e
/wp-content/uploads/vo-archive/2026/Ypodeigma_aitisis.pdf,189749,c6c8afe2bd3e
/wp-content/uploads/vo-archive/2026/afisa%20workshop.jpg,1056046,552f6b8224f7
/wp-content/uploads/vo-archive/2025/afisa.jpeg,340308,5d2dd5fbbb03
/wp-content/uploads/vo-archive/2023/afisa.jpg,333352,2a08d33db51a
/wp-content/uploads/vo-archive/2026/afisa_EMERGE_OPEN_DAYS.pdf,219887,4d6ede61628a
/wp-content/uploads/vo-archive/2026/afisa_diaxeirisi_agxoys_compressed-1.pdf,259419,d91561d0b6ef
/wp-content/uploads/vo-archive/2024/afisa_ekdilosis_gia_praktiki_askisi1.jpg,314272,4aa4e6607c82
/wp-content/uploads/vo-archive/2025/afisa_erasmusdays2025_Drama_15_Oct.png,341006,4e52cbdcfa11
/wp-content/uploads/vo-archive/2024/aggelia.doc,56320,3c14c29882b3
/wp-content/uploads/vo-archive/2026/aithoysa_xeimerino2026-2027.pdf,180489,7782165f4715
/wp-content/uploads/vo-archive/2023/aitisi.doc,79360,4f6e06a58a51
/wp-content/uploads/vo-archive/2023/aitisi.pdf,108850,1db96646719d
/wp-content/uploads/vo-archive/2024/aitisi_orkomosias.docx,88948,cec70fa1cb38
/wp-content/uploads/vo-archive/2024/aitisi_ypocifiotitas.docx,244313,ef7ba7b44ba7
/wp-content/uploads/vo-archive/2024/aitisiiki2024-2024.pdf_IKI.pdf,689665,3b239200cb7e
/wp-content/uploads/vo-archive/2024/akadimaiko_imerologio.pdf,269335,954db79efd60
/wp-content/uploads/vo-archive/2023/allo.pdf,289775,d74e08283f95
/wp-content/uploads/vo-archive/2026/ambrosia.pdf,81109,0db5712ccdf7
/wp-content/uploads/vo-archive/2023/amer.zip,392483,be80117d65ae
/wp-content/uploads/vo-archive/2026/amv_ma.pdf,80568,69a8d5d64d65
/wp-content/uploads/vo-archive/2025/amvosia.pdf,80677,f6a566a5f8e6
/wp-content/uploads/vo-archive/2024/amvosia_1.pdf,87115,223f3ff6f821
/wp-content/uploads/vo-archive/2024/amvrosia-1.pdf,87227,776547bb005c
/wp-content/uploads/vo-archive/2025/amvrosia_.pdf,80570,1500ca410e0f
/wp-content/uploads/vo-archive/2026/amvrosia_1.pdf,80445,f7fa9ad345be
/wp-content/uploads/vo-archive/2026/amvrosia_19.pdf,80697,26b528c9dbc9
/wp-content/uploads/vo-archive/2025/amvrosia_1_12_25.pdf,80865,90fd5a3696ee
/wp-content/uploads/vo-archive/2025/amvrosia_2.pdf,89277,85be46cb8024
/wp-content/uploads/vo-archive/2026/amvrosia_26.1.2026.pdf,80895,6c98000425fa
/wp-content/uploads/vo-archive/2024/amvrosia_2_.pdf,87266,bf4e157c5cc7
/wp-content/uploads/vo-archive/2024/amvrosia_3.pdf,87530,4792bc86a2cf
/wp-content/uploads/vo-archive/2024/amvrosia_4.pdf,87682,cb4f259dc9b6
/wp-content/uploads/vo-archive/2026/amvrosia_ap.pdf,80490,def9c3852c32
/wp-content/uploads/vo-archive/2025/amvrosia_december.pdf,104917,4eb9f736e0d5
/wp-content/uploads/vo-archive/2026/amvrosia_fev.pdf,77899,c69bae644e77
/wp-content/uploads/vo-archive/2025/amvrosia_fevrouarios_2.pdf,87266,bf4e157c5cc7
/wp-content/uploads/vo-archive/2026/amvrosia_ianouarios.pdf,80459,7f65f740af9a
/wp-content/uploads/vo-archive/2025/amvrosia_ianouarios_1.pdf,76844,940c3c901e9c
/wp-content/uploads/vo-archive/2025/amvrosia_ianouarios_2.pdf,87266,bf4e157c5cc7
/wp-content/uploads/vo-archive/2025/amvrosia_iounios_1.pdf,89302,ebe9f5c3fec9
/wp-content/uploads/vo-archive/2025/amvrosia_iounios_4.pdf,139569,c7631fd211f5
/wp-content/uploads/vo-archive/2025/amvrosia_ioynios_3.pdf,89444,a920df98008c
/wp-content/uploads/vo-archive/2025/amvrosia_maios_2.pdf,89144,10df56697fe1
/wp-content/uploads/vo-archive/2026/amvrosia_march.pdf,80705,36391b65efea
/wp-content/uploads/vo-archive/2026/amvrosia_martioss.pdf,80504,c426ab74463f
/wp-content/uploads/vo-archive/2025/amvrosia_oktomvrios_1.pdf,85902,a63b9db7f471
/wp-content/uploads/vo-archive/2025/amvrosia_oktovrios_3.pdf,89109,e980f21647e0
/wp-content/uploads/vo-archive/2025/amvrosia_oktvbrhs_4.pdf,89765,4fd5618f7381
/wp-content/uploads/vo-archive/2025/amvrosia_sitisi_ianoyarios.pdf,88462,7cfbb9bbf7c3
/wp-content/uploads/vo-archive/2024/anakinosi_alatzas.pdf,85673,7d3d90e17179
/wp-content/uploads/vo-archive/2025/anakinosi_drama__ErasmusDays-TimeToMove.docx,13204,ed42f8b38f94
/wp-content/uploads/vo-archive/2024/anakinosi_epitropis_katatajeon_2023_24.docx,25160,59affbe12706
/wp-content/uploads/vo-archive/2024/anakinosi_gia_themata_fitikis_merimnas.pdf,206322,549c0499b81d
/wp-content/uploads/vo-archive/2025/anakinosi_katataktiries.docx,14756,f27da6de792b
/wp-content/uploads/vo-archive/2024/anakinosi_kepsisi.pdf,214880,c32e00d9e072
/wp-content/uploads/vo-archive/2024/anakinosi_orkomosias_.doc,85504,09b9f3027202
/wp-content/uploads/vo-archive/2025/anakinosi_praktiki.docx,120817,1b9da93df81d
/wp-content/uploads/vo-archive/2024/anakinosi_tmima_.pdf,123367,575408610d30
/wp-content/uploads/vo-archive/2023/anakoinosi.pdf,39288,761980563f72
/wp-content/uploads/vo-archive/2023/anakoinosi_praktiki_PPS.pdf,934441,cbe10621a15e
/wp-content/uploads/vo-archive/2024/anakoinosidiakriseon.pdf_7795.pdf,135313,e6e1079ada0d
/wp-content/uploads/vo-archive/2024/anakoinosiiki_2024-2025.pdf_7794.pdf,122393,8a0efcaab4e8
/wp-content/uploads/vo-archive/2024/anakoinvsi2.docx,324586,3771a1cf8477
/wp-content/uploads/vo-archive/2025/apofasi_-signed.pdf.pdf,183472,43d1d62a7adc
/wp-content/uploads/vo-archive/2026/apofasi_PINAKAS_KATATAXIS_GIA_entetalmeni_didaskalias_EARINO_2025-2026.pdf.pdf,207308,2c92a206628c
/wp-content/uploads/vo-archive/2025/apofasi_egkrisi_isigitekon_epitropon_ear-signed.pdf.pdf,242835,4b08dbc633f6
/wp-content/uploads/vo-archive/2024/apospasma_prajis_16_13_2_2024_thema2.pdf,216966,e4fd74f300d8
/wp-content/uploads/vo-archive/2023/apotelesmata_2023.xlsx,30898,94b020031d83
/wp-content/uploads/vo-archive/2024/applications_are_open_duth_NEW.png_afisa.png,624881,769d3515855b
/wp-content/uploads/vo-archive/2023/athletes.pdf,500506,49338743ad81
/wp-content/uploads/vo-archive/2023/bio.docx,15162,cd9bd2bb5087
/wp-content/uploads/vo-archive/2023/cvs/OI.docx,14519,2aefa733a688
/wp-content/uploads/vo-archive/2024/deltio_tipou.pdf,163590,bfbbd90b21a1
/wp-content/uploads/vo-archive/2025/deltio_tipou_gia_foithtes.docx,17469,0fe373bdfaab
/wp-content/uploads/vo-archive/2024/deltio_tipoy_.pdf,197026,e6aa4611d2f6
/wp-content/uploads/vo-archive/2025/deltiotipoudocx.pdf,115726,6cd6e50faa46
/wp-content/uploads/vo-archive/2026/diakriuentes_athlites.pdf_compressed.pdf,278237,f853a2a1a6f4
/wp-content/uploads/vo-archive/2024/diapistotiki_praji_eklogon_ekprosvpvn_foititon-signed.pdf.pdf,728795,91dd717b33c8
/wp-content/uploads/vo-archive/2023/diapistotiki_praxi_compressed.pdf,476321,550e12930dcf
/wp-content/uploads/vo-archive/2024/diathesimes_thesis_praktikis.pdf,435883,13154e862cbb
/wp-content/uploads/vo-archive/2024/dikaiologitika_ellhnon_ejoterikoy.pdf.pdf,877540,9ba956dc227f
/wp-content/uploads/vo-archive/2026/documents/1.%20Prosklese_Erasmus_TraineeshipsVO%20tropopoiemene.pdf,366261,946a8ef9ec75
/wp-content/uploads/vo-archive/2026/documents/2.%20KRITERIA_YPOPSEPHIOTETAS_AO.pdf,301622,34dc29e0bafb
/wp-content/uploads/vo-archive/2026/documents/3.%20Phoitetes%20me%20ligoteres%20eukairies%20Call%202025_AO.pdf,252067,051a5fe2f080
/wp-content/uploads/vo-archive/2026/documents/4.%20AITESE_YPOPSEPHIOTETAS_AO.pdf,341545,944d39b03d5a
/wp-content/uploads/vo-archive/2026/documents/5.%20SYMPHONIES%20OENOLOGY%20AO.xlsx.pdf,278061,b6ac9ec9f97b
/wp-content/uploads/vo-archive/2023/documents/AA.docx,15532,6532f3071be4
/wp-content/uploads/vo-archive/2022/documents/KATATAKTIRIES_22.docx,16873,50e9252eea6f
/wp-content/uploads/vo-archive/2026/documents/Prosklisi_erasmus__2026-2027.pdf,369732,36b5941b5823
/wp-content/uploads/vo-archive/2022/documents/TELIKA_APO_SIT.xlsx,71370,3b527c21c7ff
/wp-content/uploads/vo-archive/2024/documents/%CE%A5%CF%80%CE%B5%CF%8D%CE%B8%CF%85%CE%BD%CE%B7_%CE%B4%CE%AE%CE%BB%CF%89%CF%83%CE%B7.doc,115712,db1759ba5fca
/wp-content/uploads/vo-archive/2026/dramoinognosia_compressed.pdf,504689,9fb510554aab
/wp-content/uploads/vo-archive/2024/ds_meli_sxolis_2024.pdf,55807,ba5da14d43ac
/wp-content/uploads/vo-archive/2024/earino_2023_2024_neo.pdf,296557,228a595743da
/wp-content/uploads/vo-archive/2023/ee.docx,14040,ea89028e5a16
/wp-content/uploads/vo-archive/2023/eg.pdf,907580,838e3319305c
/wp-content/uploads/vo-archive/2024/egxiridio.pdf,907580,838e3319305c
/wp-content/uploads/vo-archive/2024/egxiridio_stegasi.pdf,907580,838e3319305c
/wp-content/uploads/vo-archive/2026/eikona_Viber_2026-05-19_21-31-54-496.jpg,203348,26ebd5c7800b
/wp-content/uploads/vo-archive/2026/eikona_Viber_2026-05-19_21-31-59-437.jpg,217575,73d21b2b8776
/wp-content/uploads/vo-archive/2026/eikona_Viber_2026-05-19_21-32-05-897.jpg,251579,18ae9c274566
/wp-content/uploads/vo-archive/2026/eikona_Viber_2026-05-19_21-32-12-853.jpg,248807,f3b8e3d11751
/wp-content/uploads/vo-archive/2023/ekprosopos_foititon.pdf,228045,0173e9b871e7
/wp-content/uploads/vo-archive/2023/elec.pdf,601834,916a6c0eab8c
/wp-content/uploads/vo-archive/2023/elec0.pdf,358970,57966d0a3113
/wp-content/uploads/vo-archive/2023/elect.zip,249198,85cd02b6034b
/wp-content/uploads/vo-archive/2023/election.pdf,71555,4cc9945103c9
/wp-content/uploads/vo-archive/2023/elektroniki_klirosi.pdf,131692,6e2e53ad4682
/wp-content/uploads/vo-archive/2023/endomologia.pdf,37737,109c3cc0c6bc
/wp-content/uploads/vo-archive/2024/enimerosi_sigkatathesi.docx,84536,363711de6673
/wp-content/uploads/vo-archive/2023/entipo.docx,624831,4f10def0631c
/wp-content/uploads/vo-archive/2024/entypodiakrisis2024.pdf_epibrabevsi.pdf,779812,3dc2345096ed
/wp-content/uploads/vo-archive/2025/epanaprokiriji.pdf,693805,a559988c9864
/wp-content/uploads/vo-archive/2026/epitropi_katatajeon.pdf,188981,4ff1a79ce04f
/wp-content/uploads/vo-archive/2024/ergastiria.pdf,353671,0d823dae0b7f
/wp-content/uploads/vo-archive/2024/ergastirio_apobliton-1.pdf,227717,d671d5a17672
/wp-content/uploads/vo-archive/2023/filladio.pdf,118310,1b16609be713
/wp-content/uploads/vo-archive/2026/grammi_thlefonikis_ipostirijis_compressed.pdf,211628,2bd7e980179c
/wp-content/uploads/vo-archive/2024/hmerida_klimatiki_allagi_VorOINA_PROGRAMMA.docx,51727,60d59deeb275
/wp-content/uploads/vo-archive/2023/hrimatika_vravia.pdf,570338,3b14791f4459
/wp-content/uploads/vo-archive/2023/iek2023.pdf,376835,544001ee385d
/wp-content/uploads/vo-archive/2023/kaka.pdf,422604,b859b6bf06a5
/wp-content/uploads/vo-archive/2026/kalokerino_ergastirio_afisa.png,675319,d1b1e8dc8585
/wp-content/uploads/vo-archive/2024/katalogos_orkomosias.pdf,179471,92ba2fbca37d
/wp-content/uploads/vo-archive/2025/katataktiries_2025-2026.pdf,153009,e640ba391682
/wp-content/uploads/vo-archive/2025/kathorismos_mathimaton_katataktiries.pdf,275470,156c62142269
/wp-content/uploads/vo-archive/2023/kosmitia2024.pdf,229793,0b8ab41f14d3
/wp-content/uploads/vo-archive/2023/mexico.pdf,773881,a5459e5deafe
/wp-content/uploads/vo-archive/2025/monada_isotimiw_prosvasis.pdf,808144,76f45c1f7e8f
/wp-content/uploads/vo-archive/2023/n4.pdf,185647,4cc7dc88a3e8
/wp-content/uploads/vo-archive/2023/n5.pdf,185617,eb591adcfb40
/wp-content/uploads/vo-archive/2023/n6.pdf,184432,d556a20a2b7d
/wp-content/uploads/vo-archive/2023/n7.pdf,181248,14eb73af137e
/wp-content/uploads/vo-archive/2023/n8.pdf,185288,ca897cc921ad
/wp-content/uploads/vo-archive/2026/neo_earino_abo.pdf,262080,54e1bfba0012
/wp-content/uploads/vo-archive/2023/neo_imer.pdf,200349,79799d587c51
/wp-content/uploads/vo-archive/2023/neo_sep23.pdf,47382,51dccd342d73
/wp-content/uploads/vo-archive/2023/nikolaidis_ana.pdf,121361,570e58ec12dd
/wp-content/uploads/vo-archive/2023/nikolaidis_pro.pdf,318888,782e4c0bb323
/wp-content/uploads/vo-archive/2023/nps_x_2324.pdf,58992,e7a01fb5ef63
/wp-content/uploads/vo-archive/2026/odigies.docx,15419,6c4baca08829
/wp-content/uploads/vo-archive/2023/omades.pdf,185958,bb44c5d8e960
/wp-content/uploads/vo-archive/2023/orkomosia.doc,30720,ed5adb045793
/wp-content/uploads/vo-archive/2024/paratasi.pdf,109962,3d6b9a9ad75f
/wp-content/uploads/vo-archive/2024/paratasi___anakinosi_gia_tin_ypoboli_aitisis_sitisis_KAVALA_DRAMA_.pdf,117189,381175e7d4da
/wp-content/uploads/vo-archive/2022/pdf/1%20FYLLO.pdf,253383,d3fdce7e4034
/wp-content/uploads/vo-archive/2023/pdf/1.ARAPOGLOU.pdf,537424,a7b35225252b
/wp-content/uploads/vo-archive/2023/pdf/1.PAPAZAPHEIROPOULOU.pdf,536430,80cf106c485a
/wp-content/uploads/vo-archive/2023/pdf/1.STAE%20met.pdf,538821,2cf97eed3bd0
/wp-content/uploads/vo-archive/2023/pdf/1.STAE.pdf,477406,8f21bc7fb363
/wp-content/uploads/vo-archive/2023/pdf/1.TKRIEZE.pdf,536212,ea912ce2420a
/wp-content/uploads/vo-archive/2023/pdf/1.TRIKOULE.pdf,481580,c9b4d425d5e0
/wp-content/uploads/vo-archive/2023/pdf/11_mai.doc,26624,f53851d606f6
/wp-content/uploads/vo-archive/2023/pdf/19068_2023-10-05.pdf,1436375,d694a2b85673
/wp-content/uploads/vo-archive/2023/pdf/19401_2023-10-10.pdf,125546,f2b19534f6db
/wp-content/uploads/vo-archive/2022/pdf/2%20FYLLO.pdf,76233,5cea676b11bd
/wp-content/uploads/vo-archive/2023/pdf/2.MPALTATZE.pdf,487833,c8ff649b97c5
/wp-content/uploads/vo-archive/2023/pdf/2.pdf,835630,3df49f0d3c02
/wp-content/uploads/vo-archive/2024/pdf/2023-2024_announcement-temporary_vo.pdf,167876,9d3f925e34e7
/wp-content/uploads/vo-archive/2025/pdf/2025-2027_%CE%91%CE%92%CE%9F_%CE%91%CE%9D%CE%91%CE%9A%CE%9F%CE%99%CE%9D%CE%A9%CE%A3%CE%97_%CE%A4%CE%95.pdf,231521,c1f70059055c
/wp-content/uploads/vo-archive/2023/pdf/2619-3_Form._A.docx,84268,3d212f6c0951
/wp-content/uploads/vo-archive/2023/pdf/2619_2_Form._A.docx,81304,39eba8ae493e
/wp-content/uploads/vo-archive/2023/pdf/2619_2_Form._B.docx,59841,8a17ec69ae13
/wp-content/uploads/vo-archive/2022/pdf/3%20FYLLO.pdf,22429,195078bd0d38
/wp-content/uploads/vo-archive/2023/pdf/3.MPALTATZE.pdf,649486,0afbe427ef48
/wp-content/uploads/vo-archive/2023/pdf/3949_2023-03-01.pdf,777205,af7bdedcb383
/wp-content/uploads/vo-archive/2022/pdf/4%20FYLLO.pdf,30757,80c32b8fe385
/wp-content/uploads/vo-archive/2023/pdf/407.pdf,502691,6113aa01a5af
/wp-content/uploads/vo-archive/2022/pdf/5232_2022-03-18.pdf,2447549,ab7b90aa1b0e
/wp-content/uploads/vo-archive/2022/pdf/5314_2022-03-18.pdf,797427,a198dc9ba589
/wp-content/uploads/vo-archive/2025/pdf/5_evdomada.pdf,80652,889d59ede007
/wp-content/uploads/vo-archive/2023/pdf/AITISI.pdf,108527,e40c7c9562fe
/wp-content/uploads/vo-archive/2023/pdf/AIT_YPO.docx,26928,c5f8f4116797
/wp-content/uploads/vo-archive/2023/pdf/ANA.pdf,252588,e08f994d614e
/wp-content/uploads/vo-archive/2023/pdf/ARGYRIADE.pdf,539379,1378ff3d32f4
/wp-content/uploads/vo-archive/2022/pdf/Aitese%20Ptychiouchou.pdf,360775,22ef2a75fee5
/wp-content/uploads/vo-archive/2022/pdf/Aitese%20Symmetoches_katatakteries%202022.pdf,309857,8f1807458a97
/wp-content/uploads/vo-archive/2022/pdf/Anakoinose%20gia%20katathese%20dikaiologetikon%20gia%20symmetoche%20se%20orkomosia.pdf,618400,4e2c83ee3e16
/wp-content/uploads/vo-archive/2023/pdf/BIB.pdf,252533,57806b00c3ea
/wp-content/uploads/vo-archive/2025/pdf/DC8_Application_September2025_compressed.pdf,282094,c71017d17141
/wp-content/uploads/vo-archive/2023/pdf/DD.pdf,1162665,8dc9219c1c66
/wp-content/uploads/vo-archive/2022/pdf/DELOSEIS%202022%20SOS.pdf,328666,288e3f414c74
/wp-content/uploads/vo-archive/2023/pdf/DT.doc,101888,3ed2e5b14b00
/wp-content/uploads/vo-archive/2023/pdf/E.pdf,153262,e8af3235ff0b
/wp-content/uploads/vo-archive/2023/pdf/EARR.pdf,342823,e522f9a45ea8
/wp-content/uploads/vo-archive/2023/pdf/EGX.pdf,468138,b822860a8496
/wp-content/uploads/vo-archive/2022/pdf/EKO_2020-2021.pdf,457042,ca02f2b7d626
/wp-content/uploads/vo-archive/2022/pdf/ENCHEIRIDIO_YPOB_%20DIK_STEGASES_EPHARMOGE_SITISES_28_09_2022.pdf,513810,ac4fcd0eb761
/wp-content/uploads/vo-archive/2023/pdf/ENEMEROSE%20ENDIAPHER.pdf,1185366,8c2a2dada567
/wp-content/uploads/vo-archive/2023/pdf/ENTIPO.doc,138240,882ef828cbee
/wp-content/uploads/vo-archive/2023/pdf/ETEP.pdf,295085,b5dbb50993e5
/wp-content/uploads/vo-archive/2022/pdf/EX_X_2023.pdf,407363,cc1334549b54
/wp-content/uploads/vo-archive/2023/pdf/EYDSit23.pdf,514242,8c0a3988872c
/wp-content/uploads/vo-archive/2025/pdf/Emvolimi_Xeimerino_25_26.pdf,157678,86bb2d63ba21
/wp-content/uploads/vo-archive/2024/pdf/Encheiridio%20Chreses%20Phoitete%20Praktikes%20ESPA-TABO.pdf,1379312,9d317d545c25
/wp-content/uploads/vo-archive/2025/pdf/Exetastiki_Xeimerino_25_26.pdf,213317,1274a1e420ea
/wp-content/uploads/vo-archive/2023/pdf/G_OMADA.pdf,369954,f70e7a9ca485
/wp-content/uploads/vo-archive/2022/pdf/IKY.pdf,59710,7b9b516624b9
/wp-content/uploads/vo-archive/2023/pdf/IKY_23.pdf,128184,e8fbe1be1afb
/wp-content/uploads/vo-archive/2023/pdf/ILI_B.pdf,382884,d9ae07868bd8
/wp-content/uploads/vo-archive/2023/pdf/INV.docx,81094,fdd821128df7
/wp-content/uploads/vo-archive/2023/pdf/LAW.pdf,359515,cfcd9e613729
/wp-content/uploads/vo-archive/2023/pdf/LOAZ.pdf,110639,faca37103852
/wp-content/uploads/vo-archive/2023/pdf/LSSS_.docx,17214,6a8c8010f8ab
/wp-content/uploads/vo-archive/2023/pdf/MAYR.pdf,334065,55a514745e40
/wp-content/uploads/vo-archive/2023/pdf/MET.xlsx,12428,3254548b1d86
/wp-content/uploads/vo-archive/2022/pdf/METENGRAPHES%20Enkyklios%20dikaiologetikon.pdf,147235,48248aa71159
/wp-content/uploads/vo-archive/2022/pdf/ODEGIES%20ORKOMOSIAS%2009.12.2022.pdf,95741,12c4927adf5e
/wp-content/uploads/vo-archive/2023/pdf/ODH.pdf,514242,8c0a3988872c
/wp-content/uploads/vo-archive/2022/pdf/ONOMATA%203%20PPS%20OROLOGIO%20CHEIMERINO%20%202022-2023%20%20.pdf,178987,b193e2df37b3
/wp-content/uploads/vo-archive/2022/pdf/ONOMATA%205%20NPS%20OROLOGIO%20CHEIMERINO%202022-2023%20%20.pdf,312806,f9f1ae966dc3
/wp-content/uploads/vo-archive/2023/pdf/OR11.05.23.pdf,54932,733cdb7e12be
/wp-content/uploads/vo-archive/2023/pdf/ORK_2023.pdf,619105,d9f68698eb53
/wp-content/uploads/vo-archive/2023/pdf/OROL.pdf,462399,0ecc9342408c
/wp-content/uploads/vo-archive/2023/pdf/ORTHI.pdf,295435,ea6e2bc36e1b
/wp-content/uploads/vo-archive/2024/pdf/Odigos_protoeton_DUTH.pdf,1121425,a5c82e23e623
/wp-content/uploads/vo-archive/2023/pdf/Organizers_of_the_Summer_.docx,19520,14808fd96efe
/wp-content/uploads/vo-archive/2023/pdf/PINAKAS_AXIOLO.pdf,373611,102f86c98648
/wp-content/uploads/vo-archive/2023/pdf/PR11.05.23.pdf,88301,cd59592ee15b
/wp-content/uploads/vo-archive/2023/pdf/PROSONTA_.pdf,431342,58ec4ca79a31
/wp-content/uploads/vo-archive/2024/pdf/PSGR446NKPD-I1O.pdf,342047,2c42e36dfa36
/wp-content/uploads/vo-archive/2022/pdf/Paratasi_Dianomis_Xeimerinou_2022.pdf,153005,0939cd1f5334
/wp-content/uploads/vo-archive/2026/pdf/Programma_Exetastikis_Septemvriou_2026.pdf,356000,f8d5af6775d2
/wp-content/uploads/vo-archive/2025/pdf/Prosklese%20Akademaikes%20Empeirias%20-%20TMEMA%20AMPELOURGIAS%20KAI%20OINOLOGIAS%201-signed.pdf.pdf,749911,9c2eb0571ae2
/wp-content/uploads/vo-archive/2023/pdf/SLOB.pdf,2222468,7bb0b88d178d
/wp-content/uploads/vo-archive/2023/pdf/ST.pdf,828838,8ba19dd7df3d
/wp-content/uploads/vo-archive/2023/pdf/STEG_2023.doc,79360,4f6e06a58a51
/wp-content/uploads/vo-archive/2024/pdf/Sumpliromatiki_Periodos_Diloseon_Dianomis_Earinou_2023_2024.pdf,169371,fc8eb26e4bdb
/wp-content/uploads/vo-archive/2022/pdf/TELIKA_ANARTESE_2022.pdf,375012,9af97cfea357
/wp-content/uploads/vo-archive/2023/pdf/THESIS.docx,285410,a45236d8db9f
/wp-content/uploads/vo-archive/2023/pdf/TMHMA.pdf,226226,408578b2ad7d
/wp-content/uploads/vo-archive/2023/pdf/YYY.pdf,776629,bcde0a0a7c78
/wp-content/uploads/vo-archive/2023/pdf/YYYY.pdf,777105,ab1b10e19234
/wp-content/uploads/vo-archive/2023/pdf/a5.pdf,892818,f27ef6fabcd9
/wp-content/uploads/vo-archive/2025/pdf/abo_xeimerino_25_26.pdf,150710,f9e2cf078bc5
/wp-content/uploads/vo-archive/2025/pdf/afisa_imeridas.pdf,313661,640286bb4688
/wp-content/uploads/vo-archive/2023/pdf/aitisi_kosmitias.docx,27734,ce530d44e2f7
/wp-content/uploads/vo-archive/2025/pdf/ao_xeimerino_25_26.pdf,134609,dc35acd2c004
/wp-content/uploads/vo-archive/2023/pdf/bio.pdf,341299,0835d175c507
/wp-content/uploads/vo-archive/2023/pdf/f.pdf,187126,2f8e520ce015
/wp-content/uploads/vo-archive/2023/pdf/f1.pdf,478074,ce47ca590a38
/wp-content/uploads/vo-archive/2023/pdf/it.pdf,135011,010b4a6a9379
/wp-content/uploads/vo-archive/2023/pdf/kosmitia.pdf,337456,3eaa2aba2c1d
/wp-content/uploads/vo-archive/2025/pdf/nps_orologio_earino_24_25.pdf,397374,32ae252896e0
/wp-content/uploads/vo-archive/2024/pdf/nps_orologio_xeimerino_24_25.pdf,196459,1c667055e5ee
/wp-content/uploads/vo-archive/2023/pdf/o.pdf,965835,db72302367b2
/wp-content/uploads/vo-archive/2023/pdf/praktiki.pdf,60722,fb57e5ad96d0
/wp-content/uploads/vo-archive/2024/pdf/program_ear_23_24.pdf,368635,b33dbb685d91
/wp-content/uploads/vo-archive/2025/pdf/programma_imeridas.pdf,237418,a14ee854becb
/wp-content/uploads/vo-archive/2024/pdf/protypo_anakoinosis_23_24.pdf,206830,f98060e73c22
/wp-content/uploads/vo-archive/2023/pdf/summer_school.docx,105070,a5e11234e6a6
/wp-content/uploads/vo-archive/2024/pdf/%CE%88%CE%BD%CE%B1%CF%81%CE%BE%CE%B7_%CE%B1%CE%B9%CF%84%CE%AE%CF%83%CE%B5%CF%89%CE%BD_%CE%B3%CE%B9%CE%B1_%CE%A0%CF%81%CE%B1%CE%BA%CF%84%CE%B9%CE%BA%CE%AE_%CE%86%CF%83%CE%BA%CE%B7%CF%83%CE%B7_%CE%B5%CE%B1%CF%81%CE%B9%CE%BD%CE%BF%CF%8D_%CE%B5%CE%BE%CE%B1%CE%BC%CE%AE%CE%BD%CE%BF%CF%85_2023-2024.pdf,569650,cf746f38e2c3
/wp-content/uploads/vo-archive/2024/pdf/%CE%91%CE%9D%CE%91%CE%9A%CE%9F%CE%99%CE%9D%CE%A9%CE%A3%CE%97_%CE%A3%CE%A4%CE%95%CE%93%CE%91%CE%A3%CE%A4%CE%99%CE%9A%CE%9F_%CE%94%CE%99%CE%9A%CE%91%CE%99%CE%9F%CE%9B%CE%9F%CE%93%CE%97%CE%A4%CE%99%CE%9A%CE%91_2024.pdf,163310,31c1aee70da1
/wp-content/uploads/vo-archive/2024/pdf/%CE%91%CE%A0%CE%9F%CE%A6%CE%91%CE%A3%CE%97_%CE%95%CE%93%CE%9A%CE%A1%CE%99%CE%A3%CE%97_%CE%95%CE%99%CE%A3%CE%97%CE%93%CE%97%CE%A4%CE%99%CE%9A%CE%A9%CE%9D_%CE%95%CE%A0%CE%99%CE%A4%CE%A1%CE%9F%CE%A0%CE%A9%CE%9D-signed.pdf.pdf,716694,d2f5463a9f6b
/wp-content/uploads/vo-archive/2024/pdf/%CE%94%CE%99%CE%91%CE%9A%CE%A5%CE%A1%CE%97%CE%9E%CE%97_%CE%A6%CE%9F%CE%99%CE%A4%CE%97%CE%A4%CE%99%CE%9A%CE%A9%CE%9D_%CE%95%CE%9A%CE%9B%CE%9F%CE%93%CE%A9%CE%9D.pdf,78696,557bebf44368
/wp-content/uploads/vo-archive/2025/pdf/%CE%97%CE%BC%CE%AD%CF%81%CE%B5%CF%82_%CE%A9%CF%81%CE%B5%CF%82_%CE%95%CF%80%CE%B9%CE%BA%CE%BF%CE%B9%CE%BD%CF%89%CE%BD%CE%AF%CE%B1%CF%82.pdf,131363,9622c7da68f5
/wp-content/uploads/vo-archive/2025/pdf/%CE%A0%CE%A1%CE%9F%CE%93%CE%A1%CE%91%CE%9C%CE%9C%CE%91_%CE%95%CE%9E%CE%95%CE%A4%CE%91%CE%A3%CE%A4%CE%99%CE%9A%CE%97%CE%A3_%CE%99%CE%9F%CE%A5%CE%9D%CE%99%CE%9F%CE%A3_2025-%CE%95%CE%BC%CE%B2%CE%BF%CE%BB%CE%B9%CE%BC%CE%B1_AC.pdf,206309,cd1079f81b46
/wp-content/uploads/vo-archive/2025/pdf/%CE%A0%CE%A1%CE%9F%CE%93%CE%A1%CE%91%CE%9C%CE%9C%CE%91_%CE%95%CE%9E%CE%95%CE%A4%CE%91%CE%A3%CE%A4%CE%99%CE%9A%CE%97%CE%A3_%CE%99%CE%9F%CE%A5%CE%9D%CE%99%CE%9F%CE%A3_2025_AC.pdf,172910,c82ab6caa96f
/wp-content/uploads/vo-archive/2024/pdf/%CE%A0%CE%A1%CE%9F%CE%93%CE%A1%CE%91%CE%9C%CE%9C%CE%91_%CE%95%CE%9E%CE%95%CE%A4%CE%91%CE%A3%CE%A4%CE%99%CE%9A%CE%97%CE%A3_%CE%A3%CE%95%CE%A0%CE%A4%CE%95%CE%9C%CE%92%CE%A1%CE%99%CE%9F%CE%A3_2024_%CE%A4.pdf,82129,e6f5decc904c
/wp-content/uploads/vo-archive/2025/pdf/%CE%A0%CE%A1%CE%9F%CE%93%CE%A1%CE%91%CE%9C%CE%9C%CE%91_%CE%95%CE%9E%CE%95%CE%A4%CE%91%CE%A3%CE%A4%CE%99%CE%9A%CE%97%CE%A3_%CE%A3%CE%95%CE%A0%CE%A4%CE%95%CE%9C%CE%92%CE%A1%CE%99%CE%9F%CE%A3_2025.pdf,174448,22264e3ae7bb
/wp-content/uploads/vo-archive/2024/pdf/%CE%A0%CE%A1%CE%9F%CE%9A%CE%97%CE%A1%CE%A5%CE%9E%CE%97_%CE%95%CE%9A%CE%9B%CE%9F%CE%93%CE%A9%CE%9D_%CE%95%CE%A0%CE%A1%CE%9F%CE%A3%CE%A9%CE%A0%CE%A9%CE%9D_%CE%A6%CE%9F%CE%99%CE%A4%CE%97%CE%A4%CE%A9%CE%9D-signed_%CE%94%CE%99%CE%91%CE%A5%CE%93%CE%95%CE%99%CE%91.pdf.pdf,298204,953ff5f94e97
/wp-content/uploads/vo-archive/2024/pdf/%CE%A0%CE%A1%CE%9F%CE%A3%CE%92%CE%91%CE%A3%CE%97_%CE%A3%CE%A4%CE%9F_EMAIL_%CE%A4%CE%9F%CE%A5_%CE%A7%CE%A1%CE%97%CE%A3%CE%A4%CE%97_DUTH.pdf,123646,f232c728208a
/wp-content/uploads/vo-archive/2025/pdf/%CE%A0%CE%A1%CE%9F%CE%A3%CE%9A%CE%9B%CE%97%CE%A3%CE%97_%CE%95%CE%9A%CE%94%CE%97%CE%9B%CE%A9%CE%A3%CE%97.pdf,203431,5be709462aec
/wp-content/uploads/vo-archive/2024/pdf/%CE%A0%CE%B1%CF%81%CE%AC%CF%81%CF%84%CE%B7%CE%BC%CE%B1_%CE%BA%CE%B1%CE%BD%CE%BF%CE%BD%CE%B9%CF%83%CE%BC%CE%BF%CF%8D_%CE%B5%CE%BA%CF%84%CF%8C%CF%82_%CE%95%CE%A3%CE%A0%CE%91_%CE%88%CE%BA%CE%B4%CE%BF%CF%83%CE%B7_%CE%91.%CE%9C.%CE%91._%CE%A5%CF%80%CE%B5%CF%85%CE%B8.%CE%94%CE%B7%CE%BB._.%CE%94%CE%B7%CE%BB._%CE%A0%CF%81%CE%B1%CE%BA%CF%84%CE%B9%CE%BA%CE%AE%CF%82.pdf,498966,62a901bb1209
/wp-content/uploads/vo-archive/2024/pdf/%CE%A0%CE%B1%CF%81%CE%AC%CF%81%CF%84%CE%B7%CE%BC%CE%B1_%CE%BA%CE%B1%CE%BD%CE%BF%CE%BD%CE%B9%CF%83%CE%BC%CE%BF%CF%8D_%CE%B5%CE%BA%CF%84%CF%8C%CF%82_%CE%95%CE%A3%CE%A0%CE%91_%CE%A6%CE%BF%CE%B9%CF%84%CE%B7%CF%84%CE%AD%CF%82.pdf,230241,5042feb7979d
/wp-content/uploads/vo-archive/2024/pdf/%CE%A0%CE%B1%CF%81%CE%AC%CF%81%CF%84%CE%B7%CE%BC%CE%B1_%CE%BA%CE%B1%CE%BD%CE%BF%CE%BD%CE%B9%CF%83%CE%BC%CE%BF%CF%8D_%CE%B5%CE%BA%CF%84%CF%8C%CF%82_%CE%95%CE%A3%CE%A0%CE%91_%CE%A6%CE%BF%CF%81%CE%B5%CE%AF%CF%82_%CE%A5%CF%80%CE%BF%CE%B4%CE%BF%CF%87%CE%B5%CE%AF%CF%82.pdf,170157,44ede1f25eba
/wp-content/uploads/vo-archive/2025/pdf/%CE%A0%CF%81%CF%8C%CF%83%CE%BA%CE%BB%CE%B7%CF%83%CE%B7_%CE%95%CE%BA%CE%B4%CE%AE%CE%BB%CF%89%CF%83%CE%B7%CF%82_%CE%95%CE%BD%CE%B4%CE%B9%CE%B1%CF%86%CE%AD%CF%81%CE%BF%CE%BD%CF%84%CE%BF%CF%82_%CF%87%CE%B5%CE%B9%CE%BC%CE%B5%CF%81%CE%B9%CE%BD%CE%BF%CF%8D_%CE%B5%CE%BE%CE%B1%CE%BC%CE%AE%CE%BD%CE%BF%CF%85_2025-2026_%CE%9F%CE%A1%CE%98%CE%97_%CE%95%CE%A0%CE%91%CE%9D%CE%91%CE%9B%CE%97%CE%A8%CE%97-signed.pdf.pdf,718770,5b9584895a01
/wp-content/uploads/vo-archive/2025/pdf/%CE%A3%CE%B5%CE%BC%CE%B9%CE%BD%CE%AC%CF%81%CE%B9%CE%BF_%CE%95%CE%A0%CE%99%CE%9A%CE%9F%CE%99%CE%9D%CE%A9%CE%9D%CE%99%CE%91%CE%9A%CE%A9%CE%9D_%CE%B4%CE%B5%CE%BE%CE%B9%CE%BF%CF%84%CE%AE%CF%84%CF%89%CE%BD.pdf,230134,1d7cd2fcbc9b
/wp-content/uploads/vo-archive/2024/pdf/%CE%A4%CE%B5%CE%BB%CE%B9%CE%BA%CF%8C_%CE%95%CF%83%CF%89%CF%84%CE%B5%CF%81%CE%B9%CE%BA%CE%BF%CC%81%CF%82_%CE%9A%CE%B1%CE%BD%CE%BF%CE%BD%CE%B9%CF%83%CE%BC%CE%BF%CC%81%CF%82_%CE%9B%CE%B5%CE%B9%CF%84%CE%BF%CF%85%CF%81%CE%B3%CE%B9%CC%81%CE%B1%CF%82_%CF%84%CE%BF%CF%85_%CE%A0%CF%81%CE%BF%CE%B3%CF%81%CE%B1%CC%81%CE%BC%CE%BC%CE%B1%CF%84%CE%BF%CF%82_Erasmus.pdf,472230,7479944d2516
/wp-content/uploads/vo-archive/2025/photos/Synemmeno%20choris%20titlo%2000238.png,1233702,ea362cdb8dce
/wp-content/uploads/vo-archive/2025/photos/misc/%CE%91%CF%86%CE%AF%CF%83%CE%B1_%CE%B4%CE%B9%CE%B1%CE%B4%CF%81%CE%B1%CF%83%CF%84%CE%B9%CE%BA%CE%BF%CF%8D__page-0001-min.jpg,385138,6ec636c27d3b
/wp-content/uploads/vo-archive/2025/photos/%CE%A3%CF%85%CE%BD%CE%B7%CE%BC%CE%BC%CE%AD%CE%BD%CE%BF_%CF%87%CF%89%CF%81%CE%AF%CF%82_%CF%84%CE%AF%CF%84%CE%BB%CE%BF_00232.png,817481,387e09ed14b1
/wp-content/uploads/vo-archive/2023/pp.pdf,274138,44611d290eff
/wp-content/uploads/vo-archive/2023/pps_praktiki.pdf,205465,2439618d2072
/wp-content/uploads/vo-archive/2024/praji_19-01-03-2024_thema_2.pdf,275906,aaa2b3ad7c1d
/wp-content/uploads/vo-archive/2024/praji_siggkrotisis_ode.pdf.pdf,761330,01fd95ec95a9
/wp-content/uploads/vo-archive/2024/praktiki_thesis__22022024.docx,787023,5caa664023c3
/wp-content/uploads/vo-archive/2026/program%20workshop1.jpg,963637,a076b7d6f7e8
/wp-content/uploads/vo-archive/2025/programa_ortho_1.pdf,88138,5b990fb4b96e
/wp-content/uploads/vo-archive/2024/programma_1.pdf,451503,6621a0285be8
/wp-content/uploads/vo-archive/2026/programma_2026_final-2.png,687793,be737ed5e282
/wp-content/uploads/vo-archive/2024/programma_ejetastikis_ian_feb_2024.pdf,76518,e4e7ddd0edbf
/wp-content/uploads/vo-archive/2025/programma_ekdilosis.pdf,315410,9b341364b37d
/wp-content/uploads/vo-archive/2024/programma_emvolimis_ejetastikis_2024_ear.pdf,429644,94f002f3c3f7
/wp-content/uploads/vo-archive/2024/programma_gia_ton_athlitismo_kai_ekpaideysi.pdf,480961,346eaf61d500
/wp-content/uploads/vo-archive/2025/programma_iounios.pdf,152797,7fca94f32d17
/wp-content/uploads/vo-archive/2024/programma_neo.pdf,76431,3948969332af
/wp-content/uploads/vo-archive/2026/programma_synanthsevn.pdf,67874,ba763f61e871
/wp-content/uploads/vo-archive/2024/programma_teletiw_ypodohis_prvtoetvn_foititon.pdf,334245,26222f2fd0b4
/wp-content/uploads/vo-archive/2024/programmasept_.pdf,82417,a2ade3472972
/wp-content/uploads/vo-archive/2026/prokiriji-signed.pdf.pdf,310512,bf346e03d42d
/wp-content/uploads/vo-archive/2024/prokiriji_mpaltatzi.pdf,91511,651a4b5a380e
/wp-content/uploads/vo-archive/2023/prokirixi_entetalmenon_didaskonton.pdf,279611,a8c5fe4bb6de
/wp-content/uploads/vo-archive/2023/prokirixi_simetohis_ERASMUS.pdf,189647,13ec481548a6
/wp-content/uploads/vo-archive/2024/prosfora_ergasias_vladikas.pdf,128123,414561cbdf19
/wp-content/uploads/vo-archive/2023/prosklisi.docx,79917,19233851468f
/wp-content/uploads/vo-archive/2023/prosklisi.jpg,447517,a9fe8355c2ef
/wp-content/uploads/vo-archive/2023/prosklisi.pdf,789945,34b9a9789c88
/wp-content/uploads/vo-archive/2025/prosklisi_2.pdf,409222,4f1189acdc58
/wp-content/uploads/vo-archive/2026/prosklisi_EMERGE_OPEN_DAYS.pdf,304253,cea0d189db57
/wp-content/uploads/vo-archive/2024/prosklisi_akadimaiki_empiria.pdf,346683,68df25e60e20
/wp-content/uploads/vo-archive/2024/prosklisi_apoktisis_didaktikis_empiriasdiaygia_compressed.pdf,505102,814f9103d924
/wp-content/uploads/vo-archive/2025/prosklisi_nea.pdf,88665,77d2507bc432
/wp-content/uploads/vo-archive/2024/prosklisiiki2024-2025.pdf,194090,99c3265b8bda
/wp-content/uploads/vo-archive/2023/prosorina_apotelesmata.xlsx,30153,9acbe7230063
/wp-content/uploads/vo-archive/2025/prosorinos_pinakas_katatajis.pdf,443124,2800a68c8235
/wp-content/uploads/vo-archive/2023/protakia23.pdf,471991,eb0e8d661dc0
/wp-content/uploads/vo-archive/2024/psifisma.docx,16415,8b9c2766a82d
/wp-content/uploads/vo-archive/2024/ptihiakes_ergasies_abo.docx,33091,a4be7b3dd6b3
/wp-content/uploads/vo-archive/2024/ptixiakes.pdf,172972,7205d372662f
/wp-content/uploads/vo-archive/2024/seminario.pdf,223232,40be5018490f
/wp-content/uploads/vo-archive/2023/sighrones_-tehnikes-antimetopisis-ehthron-_tis-ampelou.pdf,35528,10512f0add7d
/wp-content/uploads/vo-archive/2023/simetoxi_se_ereynitiki_omada.pdf,38309,f356dbc232ac
/wp-content/uploads/vo-archive/2024/sitisi.docx,21133,51255ec4778a
/wp-content/uploads/vo-archive/2023/steg2023.pdf,384802,3fcdcfceabe4
/wp-content/uploads/vo-archive/2026/tedxduth_2026_aitiseis.png,114811,c5a32f579c29
/wp-content/uploads/vo-archive/2025/teleti_ipodoxis_compressed-1.pdf,243321,5a93afa427b9
/wp-content/uploads/vo-archive/2023/telika_apotelesmata.xlsx,30833,40bc9f99bcc0
/wp-content/uploads/vo-archive/2023/tropopiisi_akadimaiko_imerologio_2023.pdf,214398,5f8dff59589b
/wp-content/uploads/vo-archive/2026/updated_EMERGE_afisa.jpg,191806,dff677a79348
/wp-content/uploads/vo-archive/2023/usa.pdf,876289,0d9234395faa
/wp-content/uploads/vo-archive/2024/viomixanikes_zimosis.docx,16101,6e48e85d3817
/wp-content/uploads/vo-archive/2023/vouli.pdf,931690,9c0cd0bbdbaa
/wp-content/uploads/vo-archive/2026/vrabia_naytikon.pdf.pdf,100974,61216565b7e2
/wp-content/uploads/vo-archive/2023/web.docx,15142,e9279318aa91
/wp-content/uploads/vo-archive/2026/webinar.docx,15869,d43082720b0a
/wp-content/uploads/vo-archive/2024/webinar.pdf.pdf.pdf,83687,84e1e0c2f6ff
/wp-content/uploads/vo-archive/2024/word/Aitisi_Ypopsifiotitas_Erasmus_Traineeships.doc,294400,fa5e0c683bd8
/wp-content/uploads/vo-archive/2023/word/FYT.docx,15973,96592aeb1be8
/wp-content/uploads/vo-archive/2024/word/Prosklisi_Erasmus_Traineeships_2024-2025.doc,566784,d79e3b9aca66
/wp-content/uploads/vo-archive/2023/word/agr.docx,17495,f85a3975f9be
/wp-content/uploads/vo-archive/2023/word/epi.docx,46957,1dccadc4ff7f
/wp-content/uploads/vo-archive/2023/word/karam.docx,14650,67e8ba3105ed
/wp-content/uploads/vo-archive/2024/word/%CE%91%CE%9E%CE%99%CE%9F%CE%9B%CE%9F%CE%93%CE%97%CE%A3%CE%97_%CE%A0%CE%A1%CE%91%CE%9A%CE%A4%CE%99%CE%9A%CE%97%CE%A3_%CE%95%CE%9A%CE%A4%CE%9F%CE%A3_%CE%95%CE%A3%CE%A0%CE%91_%CE%94%CE%A0%CE%98_%CE%91%CE%A0%CE%9F_%CE%A6%CE%9F%CE%99%CE%A4%CE%97%CE%A4%CE%95%CE%A3.docx,70628,50923f46c711
/wp-content/uploads/vo-archive/2024/word/%CE%91%CE%BE%CE%B9%CE%BF%CE%BB%CF%8C%CE%B3%CE%B7%CF%83%CE%B7_%CE%B1%CF%80%CF%8C_%CF%86%CE%BF%CF%81%CE%B5%CE%AF%CF%82_%CE%A0%CF%81%CE%B1%CE%BA%CF%84%CE%B9%CE%BA%CE%AE_%CF%86%CE%BF%CE%B9%CF%84%CE%B7%CF%84%CF%8E%CE%BD.docx,66770,f6e9fe466faa
/wp-content/uploads/vo-archive/2024/word/%CE%92%CE%95%CE%92%CE%91%CE%99%CE%A9%CE%A3%CE%97_%CE%9F%CE%9B%CE%9F%CE%9A%CE%9B%CE%97%CE%A1%CE%A9%CE%A3%CE%97%CE%A3_%CE%A6%CE%9F%CE%A1%CE%95%CE%91_%CE%95%CE%9A%CE%A4%CE%9F%CE%A3_%CE%95%CE%A3%CE%A0%CE%91.doc,81920,ca0895f0bb0e
/wp-content/uploads/vo-archive/2024/word/%CE%A6%CE%BF%CE%B9%CF%84%CE%B7%CF%84%CE%AD%CF%82_%CE%BC%CE%B5_%CE%BB%CE%B9%CE%B3%CF%8C%CF%84%CE%B5%CF%81%CE%B5%CF%82_%CE%B5%CF%85%CE%BA%CE%B1%CE%B9%CF%81%CE%AF%CE%B5%CF%82_Call_2023_4.docx,20483,c34dab7f24fc
/wp-content/uploads/vo-archive/2025/xrinatika_vravia_naytikon.pdf.pdf,292337,77ea6e261331
/wp-content/uploads/vo-archive/2025/%CE%94%CE%A0%CE%98_%CE%91%CE%99%CE%A4%CE%97%CE%A3%CE%97_%CE%9A%CE%91%CE%A4%CE%91%CE%A4%CE%91%CE%9A%CE%A4%CE%97%CE%A1%CE%99%CE%95%CE%A3.doc,76800,15b41fd1ccc2
